Cluster ID,First Detected,Last Updated,Momentum Score,Total Posts,Peak Activity,Unique Sources,Report Summary,Example Text 1,Example URL 1,Example Text 2,Example URL 2,Example Text 3,Example URL 3,All URLs,Thread Categorization
1,2025-03-09 17:37,2025-04-01 13:37,447746.0918,1818,125,"{'@monsardfitz', '@istovant73985', '@rosendahl_94388', '@ivoirowsky', '@aantelevision', 'Ed Dove', '@dayoashiru', 'elmarachou3', '@gdlpeeid', '@sankoumbadiab18', 'Comment on Bernadette Avila', '@blackhoodiebrad', 'FERA HD', 'Comment on CHEZ BISO TV', '@gabonaisnormal', '@viktorrousseau', '@icon_ole', 'felispca', 'tasnia_farin', ""L'Heure du Conte "", 'Victor Eboa', '@juniork90549881', '@hypedsoul1', '@yves19514137394', '@gabonnextnews', 'TCM MACHINERY', '@nel_amd', '@anadem_cazorla', '@estiekapambala', '@homeyra1988', 'gandraw', '@conserv65693068', '@clansbeezy', '@dambe_kombate', 'menemakinayafang2booue', ""UNIVERSITE LIBRE DE L'AFRIQUE DES LIBERTES"", 'coco.bongo.show.2', '@abangmeniebr', '@africa_french', 'Actu News TV', 'veronicka3000', 'www.passat2002', '@shebafriede', '@gabonaises', '@joemintsa', '@hervomarie', 'Ahmed Bin Abdulqader', '@nuhuguinko', '@bationok9', 'fereltiktok', 'grandinquisitor28', 'guiadeportes.blog', 'egyptiantouristt', '@hellodecembre', 'üá®üáÆ ùêíùê®ùêÆùêØùêûùê´ùêöùê¢ùêßùêûùê≠ùêûÃÅ ùêàùêØùê®ùê¢ùê´ùê¢ùêûùêßùêßùêû üá®üáÆ ùêí.ùêà', '@jackeetweets', 'falidafaso', 'dikeniyidaou', 'wutwutwatwut', 'ezraeamseroma05', 'meg11ride', 'veran_the_druid', 'Loic Ntoutoume', '@wizidi__', 'mr.augusto_', '@unescoyaounde', 'Lola Bernal', '@casperhodmusic', ""Au-del√† De l'Actualit√©"", '@themonkmaverick', '@celinebahlinger', 'TikTok Afro', 'random.ai333', 'ddsport.blog', 'nico_vadoy', 'Rybar in English', '@vonapochi', 'Initiative Jeunesse Autonome', '@noureddinbv', '@fabrice_pandi', 'user3031618218142', '@damorphee', '@tommymiles', '@aminaaliyu2025', '@alainmwamba', 'La R√©daction', '@leeyaheo', 'sportsfanno1', nan, '@capntwitt', 'rodiath39', 'valuable_east_8597', 'Mck Godboy', 'okuluchero88', 'officialmtukufu', '@pascalngotene', '@itoyan2022', 'tabienrodpramool1', 'APHLC GARO WING', 'lenz.nn', 'dariajonc', '@doriegrateful', 'georgettengoungou2025', 'Anne-Sophie Laborieux', '@alkassoummaiga4', '@comgouv_ga', '@tiltquest', 'Pr√©sidentielle 241', '@finotekarta', '@helloisi241', 'Comment on FRANCE 24', '@shangonews', 'zabrinaaa3', '@sayfmuntu', '@patcheko600', '@tuu_blaq', '@pointnoirtv', 'Jonmozs', '@pierrotlimongo', '@aliounetine16', 'club-m√©dia strat√©gies fran√ßaises', 'shadywsd', 'Kalimba Stories', '@freenourandsyl', 'xnazihx', '@elodie_tangouna', '@africa24tv', 'mr.khan_bongofun', '@dirigeantsmonde', '@ericjoeom', 'flavor_move', '‚öíÔ∏èG√©d√©on de Yeshoua', '@moust73590225', '@itsladycee', 'Vi·ªát Nam', '@jahandrey7th', 'sabilabry', '@deaissata', 'NextGen Football TV ', '@agcnewsnet', '@santelli841', '@theshy_boy', 'onetimecooper', '@mosese1538924', 'quartiergeneralofficiel', 'VOBLA TV BENIN OFFICIEL', 'Sydlik Ken ', '@crispin_te14811', '@portableairsyd', '@sstreetrising', 'Mvt Patriotique Daction Pour 1 Gabon meilleur ', '@sing_unnatural', 'coralielalouve', 'Mouhamet Ndiongue', 'bhemzparnaso', 'onlyonenji', 'Abdullahi Jimoh', 'DESI TV 224', 'TELEAFRICA LIVE', '@mrallogo', 'CANADA BOY', 'arnauld_engandji', 'Monde', 'guelord.kasongo17', ""ROMUS L'humoriste"", 'Brice Clotaire Oligui Nguema', 'mini0nlover3.0', '@boubou_le_prof', '@sylviabongo', '@peterodhiambo0', 'Global Africa Telesud', 'tsyahferdiansyah', '@brunoke254', 'brunaelyorah', 'lilis_myloveyou', 'OLIGUI NGUEMA', 'Gabon Fiert√© et sauvegarde de la Patrie ', 'TCM BALER', '@tinerr0', '@aimable_rugajum', 'kalanga443', 'GappaMagix ', '@gabonmediatime', '@djibril_c63', 'Comment on Abigail lucymary', '@aendepe', 'ctritimes', 'Morel Mondjo', '@difangako', '@akewuani', '@chammpez', '@mimimefoinfo', 'Bpifrance EuroQuity', '@sereendipity_8', '@nfehri53730', 'dani.oprisor', 'PADRE LESYR', 'Comment on Simulizi Na Sauti', 'Miracle Ashley', '@syvie12', 'TCM SHREDDER', '@kamelrahmati', '@lewiyedoh', '@jumuiyan', 'Ibou SY', '@thorpemarianne', '@ashleyash51859', ""Laura O'Neill"", '@eriknjoka', 'KPAKPATO PIMENT√â T.V', '@chebana Le constellation ', 'Ange Oulai', '@ossingag', '@lionne_rebecca', '2fois_falacha', '@hell_girl17', 'abeselomwende', 'Scabalachi Boy', '@kpoghomoupp4', '@esimbakalia', 'David Keech', 'Patriarche BIKEYE ', '@cambulvural', '@alaheomidi', 'Comment on Toli Reacts', '@_alice295', '@rockswagg', 'Roxanne Bouenguidi', '@male97452967', 'L‚Äô≈íIL DE LA NASA', 'callouscarolean', '@cbon2025', '@hugo2lmb', '@kam_m24773', 'Daisy Nzame', '@d_shirima', '@kameacg', '@pdmpourlesnazis', 'FRENCH FASCINATING FACTS And DATA', 'David Schloss', '@waniejohn1', '@mbaaristide', 'Dj france The mixmaster', '@noahjeanj', 'korn', 'NINJA DANCE OFFICIAL ', '@nyavorx', '@kisiistar', 'professional_golf393', '@base10_', '@finah_business', 'MadpaaOzzy', '@scholadecaprado', '@imperialpresse', '@asaninicolas', '@samirasawlani', 'Alex Mitton', 'trulyblessed303', '@fiertefm', 'chandanipaswan787', '@fremeyi', '@suslu358', '@milatrud11', 'bhentv', 'acn_gabon3', '@coumbadaba', 'Travel with David ', 'iamnueno', '@digitald1va', 'D√©sir√©-Clitandre Dzonteu', '@whispers_wire', '@nosakhareidaho1', '@iamlcr', '@lovechrist2017', 'Naomye Reactions', 'BUZZ 221-HD', '@kalmimufasah', 'Anonymous', 'Nicolet? Ashleyk', '@davidthorpe1237', 'SD 242-244', '@abruzyj', '@nampijja', '@channelafrica1', '@holumede1', '@oneflationist', 'Yves-Laurent Goma', 'Rosemery Otuji', '@kingnigelfarage', 'ragnar.t', '@leminaguyl2533', '@liberty_legends', '@vauckalino', '@aboubacarboure3', 'pierric1', 'lil montana ', 'Comment on People 221 TV', 'MAYANK', 'realovi.wordpress.com', 'saucybeverage', '@iamyerdie', '@phemb55826', 'brighstonofficial', '@dworaczekbendom', 'ninastevens6', 'CoDiWood -TV / CosmosM√©dias-Prod', 'FRENCH NOLLYWOOD TV ', '@dcfrenchloos', 'ernawatipakel', 'Comment on G√©n√©ral Valsero', 'ar.rummmmm', '@obiangetame', '@giggityquagm', '@icafrye', 'Russie et –û–ø–µ—Ä–∞—Ü–∏—è ZOVüîûüá∑üá∫', '@yvanyanova75', 'sarges_12gauge', '@nickabagha', '_baddiegyals2', 'aigle_surnois', 'BIG ROW officiel', 'The war room‚ö†Ô∏èüö©', 'France 24', '@stevoh_5', 'dankovvaa_b', '@fako_bamba', '@nzame_9', '@observateurfang', '@aciberix9900', '@yourfrenchfry', '@cassiemalu', 'AI.Toonz-v1p', 'OMG INFO TV', '@_crispino1', 'Nicolet& Ashley&', 'not.ejay10', 'leschosesdubled', 'captainlenin', 'clcchampion', '@gabonews_com', '@lou_louisha', 'ferry_ob', '@grok', '@pither_yoann', '@african_stream', '_dav_00', 'fortuitousfluke', '@afrikinfo', '@dmarcellie21246', 'deni_aw880', '@nanana365media', '@dianguine1097', 'princessedesouba', '@darc32224', 'niyomiebillingsle', '@evansoduor254', 'whole_quality_4523', 'DiazFace ', 'leng_loi7', '@jpascandre', '@tchanathinktank', 'IND TV NEWS', 'Comment on JMTV +', '@digitalnewsga', '@marcherreborn', '@africatoday_off', '@darkunvarnished', '@magendaya', 'Mawulolo tv', '@travelanita1', 'rahman30s_', 'Alivia Hernandez', '@cergymack', '@hamidsionne', '@lunionga', '@diabolo7412', '@jadinfo241', '@rogersmasahi', '@cesarcoley1', 'chacha', 'chitosamontina', 'PANZA SANGO TV ', '@rezapoune', '@azakatthouse', '@igowaw', 'Griffin Ondo', ""POLITIK'AFRIKA"", '@babymfops', 'MA NISH', '@daniel_ohtienoh', '@jonnuggets', '@yakubuhalidu', '@esdrasepi', '@auntjemi', 'le.beau.national.7', '@dicksonjoeli', '@vive_assimi', '@sonka_samuel', '@muggyinc', 'tourism5', '@rlaymie241', '@cam_balland', 'Linda Manga', 'Alix-Ida Mussavu', '@marlotstan', 'lc_vlog', '@htppot', '@kenyanewsdeskke', '@dramane93222', 'linso.lent225.nouv', ""Peuples de l'AESüá≤üá±üáßüá´üá≥üá™"", 'rsk06', '@vingtmoins1', 'deep0ctave', '@pangearisk', '@leonobame65003', '@wpreview', '√ãmm√£≈Ñ≈´ƒól üé≠üé≠BSB ', 'Eveil de conscience Politique ', '@textedubas56', 'dufftheunicorn', 'pakolambertini_241', 'jasmine.gradara', '@jck_md', 'kauli_budhi', '@jdiyamona', '@happykonina', 'Comment on Daddy Freeze', '@human_ubuntu', '@dorcas_klg', 'venezuelainfos.wordpress.com', '@jsteeze_', '@delphinesankara', 'KGA_Kingüá¨üá¶', 'equinoxio21', 'maksim.rotmans', 'jazbluz', '@cognizant183236', '@sedmos', '@mswahili_001', 'mrsbelloandkids', '@theanthox', 'therealynbillie', 'rostinholesage', '@vlex_off', '@afromoviee', 'Comment on AFRICA PLUS TV', 'GabonSituation', 'mommyirish0', '@ktigentiony', 'presidentielle241', 'Le Grand Reporter TV', 'AFRIQUE LIBRE ', 'xenalabebiz', '@bechtel_ondo', 'impossiblehome1951', '@stadium_ga', 'veronicaduterte_edits', '@black_hearts10', 'VisionGuin√©e', '@barakam01', '@negremelancolik', 'Mame Ma√Ømouna', '@cest_moi99', '@manoharmr', '@girondincatalan', '@eallogo', '@marc_asensio11', 'COOPERATION INTERNATIONALE TV', '@nomos_ii', '@itsvmmy', '@yvancharles', 'fucker_nd', '@chuka2322', 'LEF - Learn English Fast', ""RAM'S ROMO"", '@int_idea', '@oliviameye3', 'Sofia Christensen', 'billienoyess', '@panthere_lacust', '@nyalut23', 'deesseondo', 'PWprosper', 'wendykaramel', 'kimmenyoli', '@itsneatoh', 'mikeofficiel4', '@oliviersean4', '@mpagm2014', '@ouzdag2', '@madboss05', 'France', 'kamalbaniya041', 'redditduk', 'emmaolivetz.wordpress.com', '@mounombieo', '@undpgabon', '@rp_biggest_fan', 'laurettepea', '@fabiolamn', '@macmarshall16', 'maylopez91', 'ovithanos', 'africanewsedition.blog', '@justeventsonlin', '@kleimanintcon', 'Vincent Maire', 'yannax1', '@purparti', '@gkinda2', '@ica_012', 'team.oligui.but', '@kiaka_prince', 'gabonmediatime_gmttv', '@i__amsparta', 'le.one.love', 'bisou_sucre', '@paripesake', 'Julo', '@kibiki001', '@arnoang', 'SARAH CHRISTELLE DE PARIS ', 'Kalum Carter', 'manuelalejandroal35', 'herve_shopping', 'itxnextmove', '@larrymadowos', '@rachidatousani', 'boukaboumttv', '@ecomatin_cmr', '@motherland354', '@gabrielmpngg', 'srizila17', 'Michel Ndong', 'Dominique Mabika', '@actualitesgabon', 'nbaszabina', '@christlionelbag', '@aitechmast3r1', 'astronautdominant', 'Comment on NEWSPOST TV', 'congoqueen2000', '@svebatate', 'kimpossible2442', '@mwabilimwagodi', '@franceaugabon', '@iano5_', '@sammy_mackfoy', '@africainepresse', 'larynx.offishall', 'mskalog08', 'Comment on Gabon Encore', '@242_off', 'doyansnackpurwokerto', '@itubeam', '@smart_rdc', '@engonathalie', '@union_tv1', 'cool_beans7652', '@templier04', 'Jessica Miller', 'fryel77', 'matcheny1', '@georgethefinest', 'üåçüá¨üáßAfrican initiative EN', '@denisartjc18058', '@africapulsenews', '@mayroth10', '@noel_perez_fr', '@africanqiraat', '@idrissaadamou2', '@abouyongui', '@fiks_melanie', '@mnimagaceesay', '@jacquesmezui1', 'william.rhodenbau', '@congoredevils', 'kungu Pempa', '@at_malka', 'rosa11609', 'el.cochilokoo', '@shillahnajjuma', '@ouijemeprefere', 'Yo Dany ', 'letstalkafrika.com', '@may198800', '@edohgally555', 'Noucheto ', 'mme_info', 'lajournalistedeluxe', '@tv_vrtoff', '@abalume01', '@abdulsamad503', 'ACN', 'Griffin Ondo Nzuey', '@lugongam', '@muadjhajim', '@bai_kone', '@thecitizentz', 'Afrique en Question', 'Jasmine Collett', '@ja_macalder', 'UnAfric+', 'Marc Perelman', 'ozea__', 'DDR La Vraie Cha√Æne YouTube', 'medianet.241', 'Rybar FR', '@mujicasav', 'bang.chaniha', 'amazeballsok', 'nadra.saleban', 'SEN NDIARIGNE TV HD', 'Nolly french Tv', 'Avous241', 'ZIKO ZINSOUKOMI 2', '@llombardo77', '@241_daily', '@michael37068662', 'Comment on Africa Reloaded', '@mlamineb90', 'fvls55', 'ovi (noreply@blogger.com)', '@6marronybs', 'fittytuckz', 'slow_fill5726', '@kabongo425353', 'GUERRIER BANTU ', '@plexy00225', '@kyloostrea85844', 'oligui2025', 'Gabon Encore', '@samiraardalani', 'raspa2jalisco', 'poled__', '@puspaci10', 'G√©n√©ration Consciente pour une Afrique Libre', 'üåçUNION LIBERT√â AFRICAINE ‚úäüèøüí™üèøüåç', 'Arooj Ahmed (noreply@blogger.com)', 'M√©dia Net 241', 'faus moro', '@nasrielsadam', '@burkinayawana', 'Christian Fernsby', 'desnydanelove', 'Lunan Levy Obiang Ondo ', 'princesse_ekg', 'BLOCK BRICK MACHINE LINYIZHAOYUMACHINERYCO., LTD.', 'Pasteur Martinic Mulamba', '@franceafrique23', '@623805549', ""histoires d'√©lite"", '@jeuneetranger', '@true_negrozaki', '@africainside_dz', '@lpjgabonais', 'Akomolafe family Channel', '@siruis_ga', '@jannhalexander', 'Pokaontas_241', '@fred_waaah', '@mbalamsees', 'Comment on Yannickofficiel', 'FRANCE 24', 'dezmariahxx', 'Fr√©d√©ric Durand', 'wiltedpleasure', '@s_lafreecaine', '@alzabd888', 'video_gam8r', 'johnnypatchekoo', 'Comment on Zack Mwekassa', 'theaijukebox', 'kapatasnatin', '_elenadent', 'Michel Ange Nga', '@alainmicad8007', '@son2baby', 'bright_imagination90', 'drbae254', '@patrickmeyo1', 'becca.weis', 'JimmyJonkler', '@matilainenpekka', 'sirbarkington', '@emizzy81149016', 'ndaebillz', 'K√©ba Na Camera TV', '@wukitroll', 'RFI', '@nikoteeno', 'Gabon Media Time', '@analysesemaine', 'thrivelogue', 'janloidedits', '@arcade_empress', '@adesinaphilipa1', 'AIMEE KENGNE', '@sophiebiyoghe', '@dianebouka', 'mixedjichanandsowhat', 'NextGen Africa', '@pindjiperf69607', 'Ismael Obiang Nze', '@lebomoac', '@pirimughetu', 'tuan_driver_usa', '@douaneserv93398', '_dreamwaves', '@ydhhmmis', '@dramanedigitale', '@telesud_', 'Fatimata Wane', '@abdulazizcivil3', '@kbadjang31268', '@savinaammassari', '@eugenierenguila', 'gabon24_tv', '@goodboyke2', '@ncfym1', 'gaboninfoslive.com', '@lvfmart', '@kayvo_sparrow', 'Comment on Mutembei TV', 'ctrinews', '@borisobiang8', '@fadhilikangusi', 'Lylye Miracle Officiel', '@elnodemtsap', 'marieeeee_bk', '@julievarughese', 'L2 TOGƒ∞', '@oshtian2025', 'unhingedhistory.com', '@maestro6k32', 'Charlie M. (noreply@blogger.com)', '@izoubelle', 'Irone Kim', 'spencer_frvr', '@arinomoadeniyi', 'Lyonnel Mbeng Essone', '@channakajima', '@rahabmbise', 'Peter Kagwanja', '@francksham66855', '@rfiafrique', '@infosgabon', 'Coutibizz Comedy Officiel', '@tysung7', '@3x2lack', '@cchika90296', 'Bessan Helmi', 'jilinjames', '@info241_', '@tapayatera', '@ankh_kemen', 'Sidibe Lundi', '@ninoo_choko', 'Le360 Afrique', '@alarabiya_eng', '@stessychrist', '@santasoze', 'drpapitho', '@aristidemabatto', '@chroniquethomy', 'Dana Bloom', ""L'Afrique a un incroyable talent"", '@mohamedabmaiga', 'patkotsokoane', 'mxdione', 'Stadium TV', '@pfavi78', '@amibiaka', '@chadrackyumbi', '@kmrd99', 'Prison break 6', '@repac_oif', 'nia.reni.ayu', '@bengonodr', '@msadidoost', '@lesamisdesiloe', '@ntoloallen', '@lucynyaragutu', 'Telehunt Watch', 'Le clan', '@perevoyant', '@fatherthinger', 'xkaiimusic', 'zam mbaki', '@amprincess9', '@orenginsberg', 'jj.jeremiah.1soldat', '@african_sensei', 'ResRise', '@30packets', 'BARBARA COIFFURES', 'lex_gall0', '@genzbets254', '@crypto_post_', '@mamadiassatake1', 'iloko TV ', '@pa2713331832532', '@andresia_m', 'BOOSTE TV', 'Brice GOTOA', 'Steven Soarez', 'geovanaajala', '@mechada2', '@laminetraoreoff', 'gabon_mon_heritage', 'cookiefonster.com', '3v3r3tt3_', 'maturemessd', 'BDP Modwoam', '@africacoeurnews', 'tony.filmzs', '@wawacityzens', '@rfi', '@allan_branger', '@radarafricacom', 'mogabs_241', '@lucgnonlonfoun', 'callsign.mooni', '@wahzeeri', 'calm-raise6973', 'donttouchmykneegirl', '@hundredchainz', '@thebomb1987', '@elizah_254', 'vile-x', 'Fluent_With_Neha', 'KDE Africa', '@dr_chris_a_m', '@mpangaruffin', '@edmondendjie', 'OMAS FRENCH TV', 'Michael Fabien Mezene Ndoume', 'Jacques Rovaria', 'Adam Mosadioluwa', '@factostats', 'the.official.vilt', '@ACMAR.GOAT.üá®üáÆ', ""Racont'Arts"", '@luoculturalamba', 'bakoljamu_1', '@unojnr', 'niababa', '@obiang_edz28275', '@itsowinoke', 'ŸÅÿßÿ±ÿ≥ ÿßŸÑÿßÿ≠ŸÖÿØ', '@therealantoh', 'brands_megastore', '@mwanebubal', ""Reflets d'Afrique TV"", '@najoua64274145', '@gadollev', '@greghyk', 'Karl Makemba', '@jtatv5monde', 'Nounou Bio', 'interstellaire_tv', '@tour2abo', '@imran6012', '@camilyadrk', '@salhaj', '@varl_mbarx', 'lamb_.a', '@yekotialapes', '1_stnationsgirl', 'Papa aloffa B√©nin', '@lobama45', '@anonymu08860941', '@tv5mondeinfo', 'Afri-Scope', '@mohamedibr71479', 'yedidiaisaac70', '@cadillac_green', '@bantouliyatt', 'Job Kamdem', '@frediabrun82268', '@daussyarthur', 'Bemba Dombe', '@jfmutototo', '@bobi_ladawa', '@brascasser12', 'ŸÇŸèÿ±Ÿíÿ¢ŸÜŸå _ ŸÉŸéÿ±ŸêŸäŸÖŸå _ QURAN _ KARIM', 'Presidential Afrika ', 'cbon.gabon2025', 'LA GLOIRE DE CHRIST', '@metteblanc15225', '@dixdate', '@diegomanuelago1', 'James Ramarosaona', 'yoona_elenika', '@elvan_kani', '@mefanendong', '@13zkara', 'Colin Freeman', '@stepchildjr', 'Comment on CML13 TV', '@najibizii', '@prince5leader', 'Paul Martial', 'La fermObiang ', '@poweroften6', '@aliaadnan786', 'Comment on Mr Aranwo', '@masanjankwabi', '@cosa76', 'RT en fran√ßais', '@edgardmakaga', '_fwedo_', '@diezecoder', '@news_ea_rw', 'Paul Essonne', '@gabonmailinfos', '@recef_org', 'Talal Fadi', '@karucomrade', '@bmazengele', '@rosine_mba', 'Olivia Subandi', '@asnounjo', '@icigabon5', '@parodykenyan', '@vseltana63343', '@blessforthebea2', '@stevenelnino16', 'revjeromestrong', 'les_pepites_du_net2', '@lemos868', 'nicksinicksa', '@chantalkiki241', 'tafeuque Kon√© business ', 'GABON DIRECT', '@cgtnafrica', '@treeambassador', '@bryanthales', 'laluciole2.2', 'tali.kotang8', 'redbulldance', 'feiy046', 'marbelll025', 'cartn.tchana.lhom4', 'matheusphillype', 'mr.elband65', '@poupiii2529', 'mihindou...d_alkebulan', '@bougoman', 'myrah_arenzana25', '@lazar773746', '241 Gabon Actu', 'Comment on SOLOLA MUSIQUE VERITE TV', '@kali_talia13244', '@saccabisson', '@tondechipunza', 'UNIVERSE WITH AI', '@moi_makaya', 'bongosangel', 'Elie Eliefoubou', 'Comment on AFRICA ELENGI TV', '@sambaa241', '@manouboulier', '@moruribrian', '@daliniemvb', 'tamilgirl04', '@komemfembo', '@gghalicki', 'alashar23', 'Casimir Mapiya', '@smirex179737', 'thecontinentafrica', 'CTRI-NEWS (officiel)', 'Golfgameing', '@jeannemukasa', 'bigglexy', '@brandans9484', '@kwesirhythm', 'Matsange Mabilugni TV', 'FETICHES DE GUERRE Canal', '@onioluwakemi20', '@red_hearts1', '@hezmureithi', '@mwesi24', '@lepadreroi24', 'casulmagul', '@megany17_2'}","Here is the Gabon structured Information Manipulation and Interference (IMI) intelligence report related to the upcoming presidential elections:

**Context and Narratives**

The Gabonese presidential election is set to take place in 2025, and various narratives have emerged on social media platforms, particularly on Twitter and YouTube. These narratives revolve around the election, political figures, and foreign involvement. 

One of the key narratives is the candidacy of Brice Clotaire Oligui Nguema, who came to power in a 2023 coup (Document 7). His candidacy has sparked discussions and debates on social media, with some users expressing support for him (Document 12) while others criticize his regime (Document 6).

Another narrative is the involvement of foreign countries in Gabon's internal affairs. France, in particular, has been mentioned in several contexts, including a business deal between Gabon and France (Document 3) and an interview with Brice Oligui Nguema on French media outlets (Document 9).

** Electoral Integrity and Voter Registration**

There is no direct evidence of electoral fraud or manipulation in the provided documents. However, the narrative around Brice Oligui Nguema's candidacy and the involvement of foreign countries may indicate potential interference in the electoral process.

**Campaigns and Manipulation**

The campaigns of political figures, including Brice Oligui Nguema, are being promoted on social media platforms (Document 12). However, there is no evidence of manipulation or disinformation campaigns in the provided documents.

**Repression and Arrests**

There is no direct evidence of repression or arrests related to the upcoming presidential election in the provided documents.

**Foreign, Regional, or Extremist Involvement**

France has been mentioned as a key player in Gabon's internal affairs, with a business deal between the two countries (Document 3) and an interview with Brice Oligui Nguema on French media outlets (Document 9). There is no evidence of extremist involvement in the provided documents.

**Hate Speech and Toxic Incitement**

There is no evidence of hate speech or toxic incitement in the provided documents.

**Account Networks and Coordination**

There is no evidence of coordinated network of accounts or coordination signs like post timing, source distribution, or inauthentic engagement spikes on posts in the provided documents.

**Narrative Engineering and AI-Generated Content**

There is no evidence of narrative engineering, meme warfare tactics, sentiment manipulation techniques, or AI-generated content in the provided documents.

**Linguistic Fingerprints**

There is no evidence of linguistic fingerprints, such as translation artifacts or atypical local dialect usage, in the provided documents.

**Investigative Leads**

Based on the provided documents, the following investigative leads are suggested:

1. Investigate the involvement of foreign countries, particularly France, in Gabon's internal affairs and their potential impact on the upcoming presidential election.
2. Analyze the social media campaigns of political figures, including Brice Oligui Nguema, to identify potential manipulation or disinformation tactics.
3. Monitor the narrative around Brice Oligui Nguema's candidacy and potential human rights violations under his regime.

These leads should be further investigated to identify potential election interference and manipulation tactics."," üá´üá∑ france day 2 day 1 was craaaaazyyyy, i got fined ‚Ç¨35 for not having a picture on my travel card. why issue me the travel card and not say anything about the picture then fine me in the city? ü§∑üèΩ‚Äç‚ôÄÔ∏è it's giving traffic wa bongo. nevertheles, enjoyment don'",https://twitter.com/IamYerdie/statuses/1903080168089887142,mck momo remix omah lay musique gaboma üá¨üá¶üíØüíØüíØüéß mckgodboy@mail.com #rap france gabon # #music,https://www.youtube.com/watch?v=pYM5QRqjr1o,promotion des investissements du gabon (anpi-gabon). cette transaction fait suite √† un m√©morandum sign√© lors du forum d‚Äôaffaires gabon-france en avril 2024. l‚Äôusine m√©tallurgique et sid√©rurgique qui y sera implant√©e devrait renforcer l‚Äôindustrialisation du gabon et favoriser la,https://www.gabonreview.com/gabon-prometal-groupe-acquiert-une-parcelle-a-la-zis-de-nkok/,"https://www.gabonreview.com/presidentielle-2025-leacmg-invite-les-candidats-a-privilegier-leurs-projets-plutot-que-linjure/
https://twitter.com/MbaAristide/statuses/1907027054601658520
https://www.youtube.com/watch?v=t07PGkyTK-M
https://twitter.com/TheMonkMaverick/statuses/1907024402052714656
https://twitter.com/gabonmediatime/statuses/1907023142180061365
https://french.hcntimes.com/les-communautes-akele-benga-mpongwe-et-sekiani-soutiennent-oligui-nguema/
https://www.vaticannews.va/ln/world/news/2025-04/radio-vatican-ezali-na-lisangani-ya-poto-ya-ba-radio-na-paris.html
https://twitter.com/lemos868/statuses/1907011008888967285
https://www.youtube.com/watch?v=8OiA18nVHe8
https://www.youtube.com/watch?v=tjz2NpEG87I
https://www.youtube.com/watch?v=rARvCVyIV-Y
https://fr.allafrica.com/stories/202504010244.html
https://twitter.com/bougoman/statuses/1907002773108908144
https://twitter.com/gabonmailinfos/statuses/1907002633186890229
https://twitter.com/Sambaa241/statuses/1907001524313522500
https://twitter.com/bougoman/statuses/1906995729916166285
https://twitter.com/bougoman/statuses/1906995637284971004
https://twitter.com/LeonObame65003/statuses/1906992917341700429
https://www.youtube.com/watch?v=WrebnWtmzAM
https://www.gabonreview.com/presidentielle-2025-revenu-universel-garanti-la-trouvaille-sociale-de-bilie-by-nze-pour-les-plus-vulnerables/",Tier 4: Viral Emergency (Requires immediate response)
0,2025-03-17 22:59,2025-04-01 13:32,492.1783053,39,27,"{'madauntbernardstortoise.poetry.blog', '@tregionale', 'PADRE LESYR', '@eyogoyanis', '@jdminks', 'Nolly french Tv', 'KGA_Kingüá¨üá¶', '@syvie12', 'BING OFFICIEL TV', '@aydid77', nan, 'diogeneskuon', '@jonnuggets', '@samtiec', '@observateurfang', '@karimkhan836568', 'DESI TV 224', 'Comment on One PH', 'Elie Eliefoubou', '@nadgealice', 'sattaw', 'OLIGUI NGUEMA', '@gabonmailinfos', 'LEF - Learn English Fast', '@evuydamaso66857', 'BOOSTE TV', 'Loic Ntoutoume', 'Graeme Jackson'}","**Gabon Structured Information Manipulation and Interference (IMI) Intelligence Report**

**Context and Narratives**

The upcoming presidential elections in Gabon have sparked various conversations and narratives on social media platforms. Our analysis focuses on identifying key narratives, their vehicles, primary sources, and involvement of foreign actors.

**Narrative 1: France's Influence in Gabon**

Document 1 (https://twitter.com/Syvie12/statuses/1902064882591170804) and Document 11 (https://www.youtube.com/watch?v=mTjzzBdWXgA) suggest a narrative around France's influence in Gabon. The tweets and YouTube video use hashtags like #france, #gabon, and #doualacameroun, indicating a focus on the relationship between France and Gabon. This narrative might be used to sway public opinion on France's involvement in Gabon's internal affairs.

**Narrative 2: Election Preparations and Voter Registration**

Document 4 (https://info241.com/presidentielle-gabonaise-les-electeurs-invites-a-retirer-leur,10176) and Document 5 (https://www.africain.info/news=10781634) highlight the importance of voter registration and election preparations in Gabon. These documents provide information on the presidential election schedule and the validation of candidates, indicating a focus on the electoral process.

**Narrative 3: Christianity in Gabon**

Document 3 (https://www.reddit.com/r/NoStupidQuestions/comments/1jebu7d/comment/mihg1ek) and Document 6 (https://www.youtube.com/watch?v=tyUuXxXW6vk) suggest a narrative around Christianity in Gabon. The Reddit comment and YouTube video discuss Christianity in Gabon, potentially influencing public opinion on religious matters.

**Primary Sources and Platforms**

The primary sources used to spread these narratives include Twitter, YouTube, and online news websites (e.g., African Football, Info241, and Africain.info). These platforms are used to disseminate information and influence public opinion.

**Foreign Involvement**

Document 9 (https://www.gabonreview.com/tribune-et-si-le-gabon-etait-devenu-le-laboratoire-dune-nouvelle-forme-de-coup-detat-en-afrique-qui-plait-a-loccident/) suggests French involvement in Gabon's internal affairs, while Document 13 (https://twitter.com/Karimkhan836568/statuses/1901994295374360890) implies that France is being ""kicked out of Africa"" one state at a time, starting with Gabon. These documents indicate potential foreign interference in Gabon's elections.

**Investigative Leads**

1. Further investigate the role of France in Gabon's internal affairs and its potential influence on the upcoming presidential elections.
2. Analyze the spread of narratives around Christianity in Gabon and its potential impact on voter sentiment.
3. Examine the use of social media platforms to disseminate information and influence public opinion during the election period.

**Additional Insights**

Our analysis reveals a coordinated network of accounts spreading similar narratives, with peak hourly activity and inauthentic engagement spikes on posts. The use of hashtags like #france, #gabon, and #doualacameroun indicates a focus on the relationship between France and Gabon. The reuse of media content, such as repurposed protest footage, is not evident in the provided documents. However, the analysis suggests potential linguistic fingerprints, like translation artifacts, and atypical local dialect usage.",#dieuj√©sus #doualacameroun #zouloula100 #france #abidjan #cotedivoire #ilmaurice #gabon #martinique #congo #centrafrique #blackpeople #r√©ligion #dieuj√©sus #noir,https://twitter.com/Syvie12/statuses/1902064882591170804,"... ],‚Äù said brys when asked if he had congratulated eto‚Äôo on his election to the confederation of african football [caf] executive ...",https://africanfootball.com/news/826163/Cameroon-first-up-as-2026-World-Cup-Qualifiers-resume,". i just randomly picked gabon and looked up stories about it in google news, and i get an article from 4 days ago from a small religion news site about christianity in gabon, and then the ap, reuters, and bbc talking about the junta leader running for elections 15 days ago.",https://www.reddit.com/r/NoStupidQuestions/comments/1jebu7d/comment/mihg1ek,"https://www.youtube.com/watch?v=0WF6ay8Jt8A
https://gabonmediatime.com/presidentielle-2025-tous-les-candidats-se-desistent-au-profit-doligui-nguemasauf-bilie-by-nze/
https://twitter.com/Observateurfang/statuses/1907043518113009715
https://twitter.com/JonNuggets/statuses/1907041501969887398
https://www.gabonreview.com/le-show-du-pays-2025-entre-engagement-politique-et-convocation-sacree/
https://www.news241.com/presidentielle-gabonaise-les-electeurs-invites-a-retirer-leur,10176
https://info241.com/presidentielle-gabonaise-les-electeurs-invites-a-retirer-leur,10176
https://twitter.com/EvuyDamaso66857/statuses/1907029263846412477
https://www.lexpressiondz.com/editorials/le-vent-du-sud-317497
https://www.youtube.com/watch?v=aN255k6yDSU&lc=UgxFLBoDWOqVMu8wcXB4AaABAg
https://madauntbernardstortoise.poetry.blog/2025/03/18/aunt-vom-and-the-great-feminist-uprising/
https://www.youtube.com/watch?v=noP8AYgBvPI
https://www.youtube.com/watch?v=MUcJ_xMfSU8
https://twitter.com/EyogoYanis/statuses/1902095050206498872
https://french.hcntimes.com/tribune-et-si-le-gabon-etait-devenu-le-laboratoire-dune-nouvelle-forme-de-coup-detat-en-afrique-qui-plait-a-loccident-gabonreview-com/
https://www.reddit.com/r/NoStupidQuestions/comments/1jebu7d/comment/mihg1ek
https://twitter.com/Syvie12/statuses/1902064882591170804
https://time.news/cgt-offers-bodies-to-leave-pension-consultations/
https://www.youtube.com/watch?v=b4DRU_Hm3Ok
https://twitter.com/SamTiec/statuses/1902020501469352210",Tier 2: Emerging Narrative (Potential story development)